
    [
        {
          "pdata": [
            {
              "_id": "60a36c41d8d637ae033e8991",
              "marketId": "1.183328044",
              "selectionId": 228749,
              "eventId": 30515591,
              "runnerName": "Netherlands",
              "__v": 0,
              "createdDate": "2021-05-18T07:26:57.831Z",
              "updatedAt": "2021-05-19T11:26:02.321Z",
              "backOdds": "2.22",
              "layOdds": "2.26"
            },
            {
              "_id": "60a36c41d8d637ae033e8993",
              "marketId": "1.183328044",
              "selectionId": 152533,
              "eventId": 30515591,
              "runnerName": "Scotland",
              "__v": 0,
              "createdDate": "2021-05-18T07:26:57.832Z",
              "updatedAt": "2021-05-19T11:26:02.321Z",
              "backOdds": "1.8",
              "layOdds": "1.81"
            },
            {
              "_id": "60a36c41d8d637ae033e899a",
              "marketId": "1.183328044",
              "selectionId": 228749,
              "eventId": 30515591,
              "runnerName": "Netherlands",
              "__v": 0,
              "createdDate": "2021-05-18T07:26:57.851Z",
              "updatedAt": "2021-05-18T07:26:57.851Z"
            },
            {
              "_id": "60a36c41d8d637ae033e899b",
              "marketId": "1.183328044",
              "selectionId": 152533,
              "eventId": 30515591,
              "runnerName": "Scotland",
              "__v": 0,
              "createdDate": "2021-05-18T07:26:57.851Z",
              "updatedAt": "2021-05-18T07:26:57.851Z"
            }
          ],
          "odsData": [
            {
              "marketId": "1.183328044",
              "isMarketDataDelayed": false,
              "status": "OPEN",
              "betDelay": 0,
              "bspReconciled": false,
              "complete": false,
              "isInplay": false,
              "inplay": true,
              "numberOfWinners": 0,
              "numberOfRunners": 2,
              "numberOfActiveRunners": 2,
              "lastMatchTime": "2021-05-19T11:34:55.536Z",
              "updateTime": null,
              "totalMatched": 130780.34,
              "totalAvailable": 0,
              "crossMatching": false,
              "runnersVoidable": false,
              "version": 0,
              "runners": [
                {
                  "selectionId": 228749,
                  "handicap": null,
                  "status": "ACTIVE",
                  "adjustmentFactor": null,
                  "lastPriceTraded": 2.2,
                  "totalMatched": 64723.53,
                  "removalDate": null,
                  "sp": null,
                  "ex": {
                    "availableToBack": [
                      {
                        "price": 2.26,
                        "size": 5.24
                      },
                      {
                        "price": 2.24,
                        "size": 1.61
                      },
                      {
                        "price": 2.2,
                        "size": 199.28
                      }
                    ],
                    "availableToLay": [
                      {
                        "price": 2.28,
                        "size": 6.16
                      },
                      {
                        "price": 2.3,
                        "size": 394.33
                      },
                      {
                        "price": 2.32,
                        "size": 151.72
                      }
                    ],
                    "tradedVolume": null
                  },
                  "orders": null,
                  "matches": null
                },
                {
                  "selectionId": 152533,
                  "handicap": null,
                  "status": "ACTIVE",
                  "adjustmentFactor": null,
                  "lastPriceTraded": 1.79,
                  "totalMatched": 66056.81,
                  "removalDate": null,
                  "sp": null,
                  "ex": {
                    "availableToBack": [
                      {
                        "price": 1.78,
                        "size": 308.6
                      },
                      {
                        "price": 1.77,
                        "size": 210
                      },
                      {
                        "price": 1.76,
                        "size": 200
                      }
                    ],
                    "availableToLay": [
                      {
                        "price": 1.79,
                        "size": 6.61
                      },
                      {
                        "price": 1.8,
                        "size": 2
                      },
                      {
                        "price": 1.82,
                        "size": 21.52
                      }
                    ],
                    "tradedVolume": null
                  },
                  "orders": null,
                  "matches": null
                }
              ]
            }
          ]
        },
        {
          "pdata": [
            {
              "_id": "60a36c41d8d637ae033e899e",
              "marketId": "1.183328200",
              "selectionId": 37303,
              "eventId": 30515591,
              "runnerName": "No",
              "__v": 0,
              "createdDate": "2021-05-18T07:26:57.852Z",
              "updatedAt": "2021-05-19T11:26:02.356Z",
              "backOdds": "0",
              "layOdds": "1.01"
            },
            {
              "_id": "60a36c41d8d637ae033e899d",
              "marketId": "1.183328200",
              "selectionId": 37302,
              "eventId": 30515591,
              "runnerName": "Yes",
              "__v": 0,
              "createdDate": "2021-05-18T07:26:57.852Z",
              "updatedAt": "2021-05-19T11:26:02.356Z",
              "backOdds": "60",
              "layOdds": "210"
            }
          ],
          "odsData": [
            {
              "marketId": "1.183328200",
              "isMarketDataDelayed": false,
              "status": "OPEN",
              "betDelay": 0,
              "bspReconciled": false,
              "complete": false,
              "isInplay": false,
              "inplay": true,
              "numberOfWinners": 0,
              "numberOfRunners": 2,
              "numberOfActiveRunners": 2,
              "lastMatchTime": "2021-05-19T11:34:54.706Z",
              "updateTime": null,
              "totalMatched": 1228.97,
              "totalAvailable": 0,
              "crossMatching": false,
              "runnersVoidable": false,
              "version": 0,
              "runners": [
                {
                  "selectionId": 37302,
                  "handicap": null,
                  "status": "ACTIVE",
                  "adjustmentFactor": null,
                  "lastPriceTraded": 100,
                  "totalMatched": 21.79,
                  "removalDate": null,
                  "sp": null,
                  "ex": {
                    "availableToBack": [
                      {
                        "price": 60,
                        "size": 20.81
                      },
                      {
                        "price": 50,
                        "size": 85.73
                      },
                      {
                        "price": 34,
                        "size": 1.12
                      }
                    ],
                    "availableToLay": [
                      {
                        "price": 210,
                        "size": 1.2
                      },
                      {
                        "price": 700,
                        "size": 1.41
                      },
                      {
                        "price": 0,
                        "size": 0
                      }
                    ],
                    "tradedVolume": null
                  },
                  "orders": null,
                  "matches": null
                },
                {
                  "selectionId": 37303,
                  "handicap": null,
                  "status": "ACTIVE",
                  "adjustmentFactor": null,
                  "lastPriceTraded": 1.01,
                  "totalMatched": 1207.18,
                  "removalDate": null,
                  "sp": null,
                  "ex": {
                    "availableToBack": [
                      {
                        "price": 0,
                        "size": 0
                      },
                      {
                        "price": 0,
                        "size": 0
                      },
                      {
                        "price": 0,
                        "size": 0
                      }
                    ],
                    "availableToLay": [
                      {
                        "price": 1.01,
                        "size": 52.62
                      },
                      {
                        "price": 1.02,
                        "size": 5396.93
                      },
                      {
                        "price": 1.03,
                        "size": 37
                      }
                    ],
                    "tradedVolume": null
                  },
                  "orders": null,
                  "matches": null
                }
              ]
            }
          ],
          "isEnabled": true
        }
      ]